model,layer,bin,bin_lo,bin_hi,n,probe_auroc,length_auroc
qwen,0,0,1.0,2.0,283,0.5615384615384615,0.5362637362637362
qwen,0,1,2.0,4.0,118,0.9055555555555556,0.6657407407407407
qwen,0,2,4.0,10.0,206,0.9819739952718677,0.7386229314420805
qwen,0,3,10.0,44.0,193,0.84375,0.453125
qwen,1,0,1.0,2.0,283,0.34175824175824177,0.5362637362637362
qwen,1,1,2.0,4.0,118,0.8416666666666667,0.6657407407407407
qwen,1,2,4.0,10.0,206,0.9822695035460993,0.7386229314420805
qwen,1,3,10.0,44.0,193,0.9895833333333334,0.453125
qwen,2,0,1.0,2.0,283,0.41135531135531134,0.5362637362637362
qwen,2,1,2.0,4.0,118,0.7953703703703703,0.6657407407407407
qwen,2,2,4.0,10.0,206,0.989066193853428,0.7386229314420805
qwen,2,3,10.0,44.0,193,0.6822916666666666,0.453125
qwen,3,0,1.0,2.0,283,0.40952380952380957,0.5362637362637362
qwen,3,1,2.0,4.0,118,0.7657407407407407,0.6657407407407407
qwen,3,2,4.0,10.0,206,0.9914302600472813,0.7386229314420805
qwen,3,3,10.0,44.0,193,0.84375,0.453125
qwen,4,0,1.0,2.0,283,0.3864468864468864,0.5362637362637362
qwen,4,1,2.0,4.0,118,0.7851851851851852,0.6657407407407407
qwen,4,2,4.0,10.0,206,0.9958628841607564,0.7386229314420805
qwen,4,3,10.0,44.0,193,0.9270833333333334,0.453125
qwen,5,0,1.0,2.0,283,0.44102564102564107,0.5362637362637362
qwen,5,1,2.0,4.0,118,0.8592592592592593,0.6657407407407407
qwen,5,2,4.0,10.0,206,0.9970449172576832,0.7386229314420805
qwen,5,3,10.0,44.0,193,0.90625,0.453125
qwen,6,0,1.0,2.0,283,0.41098901098901097,0.5362637362637362
qwen,6,1,2.0,4.0,118,0.8462962962962963,0.6657407407407407
qwen,6,2,4.0,10.0,206,0.9967494089834515,0.7386229314420805
qwen,6,3,10.0,44.0,193,0.90625,0.453125
qwen,7,0,1.0,2.0,283,0.38901098901098896,0.5362637362637362
qwen,7,1,2.0,4.0,118,0.8398148148148149,0.6657407407407407
qwen,7,2,4.0,10.0,206,0.9943853427895981,0.7386229314420805
qwen,7,3,10.0,44.0,193,0.9322916666666666,0.453125
qwen,8,0,1.0,2.0,283,0.5051282051282051,0.5362637362637362
qwen,8,1,2.0,4.0,118,0.8111111111111111,0.6657407407407407
qwen,8,2,4.0,10.0,206,0.9952718676122931,0.7386229314420805
qwen,8,3,10.0,44.0,193,0.9427083333333334,0.453125
qwen,9,0,1.0,2.0,283,0.45567765567765567,0.5362637362637362
qwen,9,1,2.0,4.0,118,0.8166666666666667,0.6657407407407407
qwen,9,2,4.0,10.0,206,0.9940898345153664,0.7386229314420805
qwen,9,3,10.0,44.0,193,0.9895833333333334,0.453125
qwen,10,0,1.0,2.0,283,0.4695970695970696,0.5362637362637362
qwen,10,1,2.0,4.0,118,0.8361111111111111,0.6657407407407407
qwen,10,2,4.0,10.0,206,0.990839243498818,0.7386229314420805
qwen,10,3,10.0,44.0,193,0.984375,0.453125
qwen,11,0,1.0,2.0,283,0.47216117216117215,0.5362637362637362
qwen,11,1,2.0,4.0,118,0.7925925925925925,0.6657407407407407
qwen,11,2,4.0,10.0,206,0.9804964539007093,0.7386229314420805
qwen,11,3,10.0,44.0,193,0.9947916666666666,0.453125
qwen,12,0,1.0,2.0,283,0.4721611721611722,0.5362637362637362
qwen,12,1,2.0,4.0,118,0.7759259259259259,0.6657407407407407
qwen,12,2,4.0,10.0,206,0.9781323877068558,0.7386229314420805
qwen,12,3,10.0,44.0,193,0.984375,0.453125
qwen,13,0,1.0,2.0,283,0.5018315018315018,0.5362637362637362
qwen,13,1,2.0,4.0,118,0.7638888888888888,0.6657407407407407
qwen,13,2,4.0,10.0,206,0.9908392434988179,0.7386229314420805
qwen,13,3,10.0,44.0,193,0.8802083333333334,0.453125
qwen,14,0,1.0,2.0,283,0.4413919413919414,0.5362637362637362
qwen,14,1,2.0,4.0,118,0.7648148148148148,0.6657407407407407
qwen,14,2,4.0,10.0,206,0.9929078014184398,0.7386229314420805
qwen,14,3,10.0,44.0,193,0.9427083333333334,0.453125
qwen,15,0,1.0,2.0,283,0.5021978021978022,0.5362637362637362
qwen,15,1,2.0,4.0,118,0.8092592592592593,0.6657407407407407
qwen,15,2,4.0,10.0,206,0.9920212765957447,0.7386229314420805
qwen,15,3,10.0,44.0,193,0.8854166666666666,0.453125
qwen,16,0,1.0,2.0,283,0.5073260073260073,0.5362637362637362
qwen,16,1,2.0,4.0,118,0.7759259259259259,0.6657407407407407
qwen,16,2,4.0,10.0,206,0.9973404255319149,0.7386229314420805
qwen,16,3,10.0,44.0,193,0.7395833333333334,0.453125
qwen,17,0,1.0,2.0,283,0.47545787545787543,0.5362637362637362
qwen,17,1,2.0,4.0,118,0.7851851851851852,0.6657407407407407
qwen,17,2,4.0,10.0,206,0.9926122931442081,0.7386229314420805
qwen,17,3,10.0,44.0,193,0.890625,0.453125
qwen,18,0,1.0,2.0,283,0.5373626373626373,0.5362637362637362
qwen,18,1,2.0,4.0,118,0.7907407407407407,0.6657407407407407
qwen,18,2,4.0,10.0,206,0.9943853427895981,0.7386229314420805
qwen,18,3,10.0,44.0,193,0.9583333333333334,0.453125
qwen,19,0,1.0,2.0,283,0.5355311355311355,0.5362637362637362
qwen,19,1,2.0,4.0,118,0.8046296296296296,0.6657407407407407
qwen,19,2,4.0,10.0,206,0.9769503546099291,0.7386229314420805
qwen,19,3,10.0,44.0,193,0.9114583333333334,0.453125
qwen,20,0,1.0,2.0,283,0.6223443223443224,0.5362637362637362
qwen,20,1,2.0,4.0,118,0.9101851851851852,0.6657407407407407
qwen,20,2,4.0,10.0,206,0.9821217494089834,0.7386229314420805
qwen,20,3,10.0,44.0,193,0.984375,0.453125
qwen,21,0,1.0,2.0,283,0.4908424908424909,0.5362637362637362
qwen,21,1,2.0,4.0,118,0.9074074074074074,0.6657407407407407
qwen,21,2,4.0,10.0,206,0.9932033096926713,0.7386229314420805
qwen,21,3,10.0,44.0,193,0.9479166666666666,0.453125
qwen,22,0,1.0,2.0,283,0.4351648351648352,0.5362637362637362
qwen,22,1,2.0,4.0,118,0.8990740740740741,0.6657407407407407
qwen,22,2,4.0,10.0,206,0.9763593380614657,0.7386229314420805
qwen,22,3,10.0,44.0,193,1.0,0.453125
qwen,23,0,1.0,2.0,283,0.5249084249084248,0.5362637362637362
qwen,23,1,2.0,4.0,118,0.8796296296296297,0.6657407407407407
qwen,23,2,4.0,10.0,206,0.9736997635933807,0.7386229314420805
qwen,23,3,10.0,44.0,193,1.0,0.453125
qwen,24,0,1.0,2.0,283,0.4732600732600733,0.5362637362637362
qwen,24,1,2.0,4.0,118,0.9064814814814816,0.6657407407407407
qwen,24,2,4.0,10.0,206,0.9929078014184397,0.7386229314420805
qwen,24,3,10.0,44.0,193,1.0,0.453125
qwen,25,0,1.0,2.0,283,0.5117216117216117,0.5362637362637362
qwen,25,1,2.0,4.0,118,0.9138888888888889,0.6657407407407407
qwen,25,2,4.0,10.0,206,0.9943853427895982,0.7386229314420805
qwen,25,3,10.0,44.0,193,1.0,0.453125
qwen,26,0,1.0,2.0,283,0.5241758241758242,0.5362637362637362
qwen,26,1,2.0,4.0,118,0.923148148148148,0.6657407407407407
qwen,26,2,4.0,10.0,206,0.9920212765957448,0.7386229314420805
qwen,26,3,10.0,44.0,193,0.9947916666666666,0.453125
qwen,27,0,1.0,2.0,283,0.4571428571428572,0.5362637362637362
qwen,27,1,2.0,4.0,118,0.8962962962962963,0.6657407407407407
qwen,27,2,4.0,10.0,206,0.9946808510638298,0.7386229314420805
qwen,27,3,10.0,44.0,193,0.90625,0.453125
qwen,28,0,1.0,2.0,283,0.48791208791208796,0.5362637362637362
qwen,28,1,2.0,4.0,118,0.8824074074074074,0.6657407407407407
qwen,28,2,4.0,10.0,206,0.9666075650118203,0.7386229314420805
qwen,28,3,10.0,44.0,193,0.9739583333333334,0.453125
qwen,29,0,1.0,2.0,283,0.5695970695970696,0.5362637362637362
qwen,29,1,2.0,4.0,118,0.9305555555555556,0.6657407407407407
qwen,29,2,4.0,10.0,206,0.9778368794326241,0.7386229314420805
qwen,29,3,10.0,44.0,193,0.9583333333333334,0.453125
qwen,30,0,1.0,2.0,283,0.604029304029304,0.5362637362637362
qwen,30,1,2.0,4.0,118,0.9249999999999999,0.6657407407407407
qwen,30,2,4.0,10.0,206,0.9819739952718676,0.7386229314420805
qwen,30,3,10.0,44.0,193,0.625,0.453125
qwen,31,0,1.0,2.0,283,0.5728937728937729,0.5362637362637362
qwen,31,1,2.0,4.0,118,0.9018518518518518,0.6657407407407407
qwen,31,2,4.0,10.0,206,0.9787234042553191,0.7386229314420805
qwen,31,3,10.0,44.0,193,0.84375,0.453125
qwen,32,0,1.0,2.0,283,0.5124542124542124,0.5362637362637362
qwen,32,1,2.0,4.0,118,0.8518518518518519,0.6657407407407407
qwen,32,2,4.0,10.0,206,0.9807919621749409,0.7386229314420805
qwen,32,3,10.0,44.0,193,0.8541666666666666,0.453125
qwen,33,0,1.0,2.0,283,0.5347985347985348,0.5362637362637362
qwen,33,1,2.0,4.0,118,0.862037037037037,0.6657407407407407
qwen,33,2,4.0,10.0,206,0.9837470449172576,0.7386229314420805
qwen,33,3,10.0,44.0,193,0.796875,0.453125
qwen,34,0,1.0,2.0,283,0.591941391941392,0.5362637362637362
qwen,34,1,2.0,4.0,118,0.8703703703703703,0.6657407407407407
qwen,34,2,4.0,10.0,206,0.9893617021276596,0.7386229314420805
qwen,34,3,10.0,44.0,193,0.3802083333333333,0.453125
qwen,35,0,1.0,2.0,283,0.5783882783882783,0.5362637362637362
qwen,35,1,2.0,4.0,118,0.8675925925925926,0.6657407407407407
qwen,35,2,4.0,10.0,206,0.9556737588652483,0.7386229314420805
qwen,35,3,10.0,44.0,193,0.44010416666666663,0.453125
qwen,36,0,1.0,2.0,283,0.575091575091575,0.5362637362637362
qwen,36,1,2.0,4.0,118,0.8861111111111111,0.6657407407407407
qwen,36,2,4.0,10.0,206,0.9807919621749409,0.7386229314420805
qwen,36,3,10.0,44.0,193,0.578125,0.453125
phi3,0,0,1.0,2.0,283,0.4956043956043956,0.5362637362637362
phi3,0,1,2.0,4.0,118,0.7175925925925926,0.6657407407407407
phi3,0,2,4.0,10.0,206,0.9258274231678486,0.7386229314420805
phi3,0,3,10.0,44.0,193,0.890625,0.453125
phi3,1,0,1.0,2.0,283,0.39157509157509157,0.5362637362637362
phi3,1,1,2.0,4.0,118,0.7601851851851852,0.6657407407407407
phi3,1,2,4.0,10.0,206,0.9932033096926715,0.7386229314420805
phi3,1,3,10.0,44.0,193,0.9427083333333334,0.453125
phi3,2,0,1.0,2.0,283,0.4402930402930403,0.5362637362637362
phi3,2,1,2.0,4.0,118,0.8194444444444444,0.6657407407407407
phi3,2,2,4.0,10.0,206,0.9961583924349882,0.7386229314420805
phi3,2,3,10.0,44.0,193,0.8125,0.453125
phi3,3,0,1.0,2.0,283,0.4296703296703297,0.5362637362637362
phi3,3,1,2.0,4.0,118,0.7768518518518519,0.6657407407407407
phi3,3,2,4.0,10.0,206,0.9985224586288416,0.7386229314420805
phi3,3,3,10.0,44.0,193,0.9427083333333334,0.453125
phi3,4,0,1.0,2.0,283,0.4329670329670329,0.5362637362637362
phi3,4,1,2.0,4.0,118,0.7620370370370371,0.6657407407407407
phi3,4,2,4.0,10.0,206,0.9932033096926713,0.7386229314420805
phi3,4,3,10.0,44.0,193,0.875,0.453125
phi3,5,0,1.0,2.0,283,0.4600732600732601,0.5362637362637362
phi3,5,1,2.0,4.0,118,0.7657407407407408,0.6657407407407407
phi3,5,2,4.0,10.0,206,0.9940898345153664,0.7386229314420805
phi3,5,3,10.0,44.0,193,0.9895833333333334,0.453125
phi3,6,0,1.0,2.0,283,0.5164835164835164,0.5362637362637362
phi3,6,1,2.0,4.0,118,0.8046296296296296,0.6657407407407407
phi3,6,2,4.0,10.0,206,0.9943853427895981,0.7386229314420805
phi3,6,3,10.0,44.0,193,0.9895833333333334,0.453125
phi3,7,0,1.0,2.0,283,0.5597069597069597,0.5362637362637362
phi3,7,1,2.0,4.0,118,0.7916666666666667,0.6657407407407407
phi3,7,2,4.0,10.0,206,0.9846335697399528,0.7386229314420805
phi3,7,3,10.0,44.0,193,0.9947916666666666,0.453125
phi3,8,0,1.0,2.0,283,0.5791208791208792,0.5362637362637362
phi3,8,1,2.0,4.0,118,0.8435185185185186,0.6657407407407407
phi3,8,2,4.0,10.0,206,0.991725768321513,0.7386229314420805
phi3,8,3,10.0,44.0,193,0.9947916666666666,0.453125
phi3,9,0,1.0,2.0,283,0.5626373626373626,0.5362637362637362
phi3,9,1,2.0,4.0,118,0.8787037037037037,0.6657407407407407
phi3,9,2,4.0,10.0,206,0.9949763593380614,0.7386229314420805
phi3,9,3,10.0,44.0,193,1.0,0.453125
phi3,10,0,1.0,2.0,283,0.5736263736263736,0.5362637362637362
phi3,10,1,2.0,4.0,118,0.9333333333333333,0.6657407407407407
phi3,10,2,4.0,10.0,206,0.9952718676122931,0.7386229314420805
phi3,10,3,10.0,44.0,193,0.9947916666666666,0.453125
phi3,11,0,1.0,2.0,283,0.5721611721611721,0.5362637362637362
phi3,11,1,2.0,4.0,118,0.9296296296296297,0.6657407407407407
phi3,11,2,4.0,10.0,206,0.9964539007092199,0.7386229314420805
phi3,11,3,10.0,44.0,193,1.0,0.453125
phi3,12,0,1.0,2.0,283,0.5351648351648353,0.5362637362637362
phi3,12,1,2.0,4.0,118,0.9083333333333332,0.6657407407407407
phi3,12,2,4.0,10.0,206,0.9934988179669031,0.7386229314420805
phi3,12,3,10.0,44.0,193,0.9947916666666666,0.453125
phi3,13,0,1.0,2.0,283,0.49633699633699635,0.5362637362637362
phi3,13,1,2.0,4.0,118,0.9046296296296297,0.6657407407407407
phi3,13,2,4.0,10.0,206,0.9858156028368794,0.7386229314420805
phi3,13,3,10.0,44.0,193,0.9895833333333334,0.453125
phi3,14,0,1.0,2.0,283,0.5131868131868131,0.5362637362637362
phi3,14,1,2.0,4.0,118,0.8962962962962964,0.6657407407407407
phi3,14,2,4.0,10.0,206,0.9911347517730497,0.7386229314420805
phi3,14,3,10.0,44.0,193,0.984375,0.453125
phi3,15,0,1.0,2.0,283,0.5846153846153845,0.5362637362637362
phi3,15,1,2.0,4.0,118,0.8935185185185186,0.6657407407407407
phi3,15,2,4.0,10.0,206,0.9932033096926715,0.7386229314420805
phi3,15,3,10.0,44.0,193,0.984375,0.453125
phi3,16,0,1.0,2.0,283,0.5087912087912089,0.5362637362637362
phi3,16,1,2.0,4.0,118,0.8972222222222221,0.6657407407407407
phi3,16,2,4.0,10.0,206,0.9952718676122931,0.7386229314420805
phi3,16,3,10.0,44.0,193,0.9739583333333334,0.453125
phi3,17,0,1.0,2.0,283,0.4805860805860806,0.5362637362637362
phi3,17,1,2.0,4.0,118,0.9166666666666667,0.6657407407407407
phi3,17,2,4.0,10.0,206,0.9952718676122931,0.7386229314420805
phi3,17,3,10.0,44.0,193,0.9895833333333334,0.453125
phi3,18,0,1.0,2.0,283,0.5278388278388279,0.5362637362637362
phi3,18,1,2.0,4.0,118,0.9166666666666666,0.6657407407407407
phi3,18,2,4.0,10.0,206,0.9988179669030732,0.7386229314420805
phi3,18,3,10.0,44.0,193,0.984375,0.453125
phi3,19,0,1.0,2.0,283,0.5622710622710623,0.5362637362637362
phi3,19,1,2.0,4.0,118,0.9416666666666667,0.6657407407407407
phi3,19,2,4.0,10.0,206,0.9973404255319149,0.7386229314420805
phi3,19,3,10.0,44.0,193,0.984375,0.453125
phi3,20,0,1.0,2.0,283,0.6014652014652014,0.5362637362637362
phi3,20,1,2.0,4.0,118,0.9407407407407407,0.6657407407407407
phi3,20,2,4.0,10.0,206,0.99822695035461,0.7386229314420805
phi3,20,3,10.0,44.0,193,0.9895833333333334,0.453125
phi3,21,0,1.0,2.0,283,0.5772893772893772,0.5362637362637362
phi3,21,1,2.0,4.0,118,0.9546296296296296,0.6657407407407407
phi3,21,2,4.0,10.0,206,0.9976359338061466,0.7386229314420805
phi3,21,3,10.0,44.0,193,0.9895833333333334,0.453125
phi3,22,0,1.0,2.0,283,0.6065934065934067,0.5362637362637362
phi3,22,1,2.0,4.0,118,0.9064814814814814,0.6657407407407407
phi3,22,2,4.0,10.0,206,0.9964539007092198,0.7386229314420805
phi3,22,3,10.0,44.0,193,0.9947916666666666,0.453125
phi3,23,0,1.0,2.0,283,0.5963369963369963,0.5362637362637362
phi3,23,1,2.0,4.0,118,0.9157407407407407,0.6657407407407407
phi3,23,2,4.0,10.0,206,0.9964539007092198,0.7386229314420805
phi3,23,3,10.0,44.0,193,0.9895833333333334,0.453125
phi3,24,0,1.0,2.0,283,0.6245421245421245,0.5362637362637362
phi3,24,1,2.0,4.0,118,0.8768518518518519,0.6657407407407407
phi3,24,2,4.0,10.0,206,0.9896572104018913,0.7386229314420805
phi3,24,3,10.0,44.0,193,0.9947916666666666,0.453125
phi3,25,0,1.0,2.0,283,0.6289377289377289,0.5362637362637362
phi3,25,1,2.0,4.0,118,0.8500000000000001,0.6657407407407407
phi3,25,2,4.0,10.0,206,0.9943853427895981,0.7386229314420805
phi3,25,3,10.0,44.0,193,0.9895833333333334,0.453125
phi3,26,0,1.0,2.0,283,0.6468864468864469,0.5362637362637362
phi3,26,1,2.0,4.0,118,0.887962962962963,0.6657407407407407
phi3,26,2,4.0,10.0,206,0.9955673758865248,0.7386229314420805
phi3,26,3,10.0,44.0,193,0.9270833333333334,0.453125
phi3,27,0,1.0,2.0,283,0.6501831501831502,0.5362637362637362
phi3,27,1,2.0,4.0,118,0.8722222222222222,0.6657407407407407
phi3,27,2,4.0,10.0,206,0.9946808510638298,0.7386229314420805
phi3,27,3,10.0,44.0,193,0.9427083333333334,0.453125
phi3,28,0,1.0,2.0,283,0.6413919413919414,0.5362637362637362
phi3,28,1,2.0,4.0,118,0.812962962962963,0.6657407407407407
phi3,28,2,4.0,10.0,206,0.9952718676122931,0.7386229314420805
phi3,28,3,10.0,44.0,193,0.953125,0.453125
phi3,29,0,1.0,2.0,283,0.6538461538461539,0.5362637362637362
phi3,29,1,2.0,4.0,118,0.8287037037037037,0.6657407407407407
phi3,29,2,4.0,10.0,206,0.9952718676122931,0.7386229314420805
phi3,29,3,10.0,44.0,193,0.9895833333333334,0.453125
phi3,30,0,1.0,2.0,283,0.6608058608058608,0.5362637362637362
phi3,30,1,2.0,4.0,118,0.7611111111111112,0.6657407407407407
phi3,30,2,4.0,10.0,206,0.9940898345153665,0.7386229314420805
phi3,30,3,10.0,44.0,193,1.0,0.453125
phi3,31,0,1.0,2.0,283,0.6967032967032968,0.5362637362637362
phi3,31,1,2.0,4.0,118,0.7777777777777778,0.6657407407407407
phi3,31,2,4.0,10.0,206,0.9955673758865249,0.7386229314420805
phi3,31,3,10.0,44.0,193,0.9895833333333334,0.453125
phi3,32,0,1.0,2.0,283,0.6761904761904762,0.5362637362637362
phi3,32,1,2.0,4.0,118,0.8148148148148148,0.6657407407407407
phi3,32,2,4.0,10.0,206,0.9976359338061466,0.7386229314420805
phi3,32,3,10.0,44.0,193,0.9947916666666666,0.453125
llama,0,0,1.0,2.0,283,0.573992673992674,0.5362637362637362
llama,0,1,2.0,4.0,118,0.812037037037037,0.6657407407407407
llama,0,2,4.0,10.0,206,0.9574468085106383,0.7386229314420805
llama,0,3,10.0,44.0,193,0.8125,0.453125
llama,1,0,1.0,2.0,283,0.4201465201465202,0.5362637362637362
llama,1,1,2.0,4.0,118,0.8342592592592594,0.6657407407407407
llama,1,2,4.0,10.0,206,0.9878841607565012,0.7386229314420805
llama,1,3,10.0,44.0,193,0.6458333333333334,0.453125
llama,2,0,1.0,2.0,283,0.3871794871794872,0.5362637362637362
llama,2,1,2.0,4.0,118,0.8777777777777778,0.6657407407407407
llama,2,2,4.0,10.0,206,0.9896572104018913,0.7386229314420805
llama,2,3,10.0,44.0,193,0.984375,0.453125
llama,3,0,1.0,2.0,283,0.47728937728937726,0.5362637362637362
llama,3,1,2.0,4.0,118,0.8712962962962962,0.6657407407407407
llama,3,2,4.0,10.0,206,0.9884751773049645,0.7386229314420805
llama,3,3,10.0,44.0,193,0.9895833333333334,0.453125
llama,4,0,1.0,2.0,283,0.49743589743589745,0.5362637362637362
llama,4,1,2.0,4.0,118,0.8842592592592594,0.6657407407407407
llama,4,2,4.0,10.0,206,0.9961583924349882,0.7386229314420805
llama,4,3,10.0,44.0,193,0.96875,0.453125
llama,5,0,1.0,2.0,283,0.495970695970696,0.5362637362637362
llama,5,1,2.0,4.0,118,0.8333333333333334,0.6657407407407407
llama,5,2,4.0,10.0,206,0.9973404255319148,0.7386229314420805
llama,5,3,10.0,44.0,193,0.984375,0.453125
llama,6,0,1.0,2.0,283,0.5465201465201466,0.5362637362637362
llama,6,1,2.0,4.0,118,0.7314814814814815,0.6657407407407407
llama,6,2,4.0,10.0,206,0.9932033096926715,0.7386229314420805
llama,6,3,10.0,44.0,193,1.0,0.453125
llama,7,0,1.0,2.0,283,0.4315018315018315,0.5362637362637362
llama,7,1,2.0,4.0,118,0.7564814814814814,0.6657407407407407
llama,7,2,4.0,10.0,206,0.9943853427895981,0.7386229314420805
llama,7,3,10.0,44.0,193,1.0,0.453125
llama,8,0,1.0,2.0,283,0.5278388278388279,0.5362637362637362
llama,8,1,2.0,4.0,118,0.7796296296296296,0.6657407407407407
llama,8,2,4.0,10.0,206,0.9955673758865248,0.7386229314420805
llama,8,3,10.0,44.0,193,1.0,0.453125
llama,9,0,1.0,2.0,283,0.49047619047619045,0.5362637362637362
llama,9,1,2.0,4.0,118,0.7750000000000001,0.6657407407407407
llama,9,2,4.0,10.0,206,0.9970449172576832,0.7386229314420805
llama,9,3,10.0,44.0,193,0.9947916666666666,0.453125
llama,10,0,1.0,2.0,283,0.5956043956043956,0.5362637362637362
llama,10,1,2.0,4.0,118,0.8490740740740741,0.6657407407407407
llama,10,2,4.0,10.0,206,0.9964539007092198,0.7386229314420805
llama,10,3,10.0,44.0,193,0.9947916666666666,0.453125
llama,11,0,1.0,2.0,283,0.7175824175824176,0.5362637362637362
llama,11,1,2.0,4.0,118,0.8851851851851851,0.6657407407407407
llama,11,2,4.0,10.0,206,0.9949763593380614,0.7386229314420805
llama,11,3,10.0,44.0,193,0.9947916666666666,0.453125
llama,12,0,1.0,2.0,283,0.6703296703296704,0.5362637362637362
llama,12,1,2.0,4.0,118,0.899074074074074,0.6657407407407407
llama,12,2,4.0,10.0,206,0.9985224586288416,0.7386229314420805
llama,12,3,10.0,44.0,193,0.96875,0.453125
llama,13,0,1.0,2.0,283,0.6545787545787546,0.5362637362637362
llama,13,1,2.0,4.0,118,0.8759259259259259,0.6657407407407407
llama,13,2,4.0,10.0,206,0.9923167848699763,0.7386229314420805
llama,13,3,10.0,44.0,193,0.96875,0.453125
llama,14,0,1.0,2.0,283,0.6245421245421245,0.5362637362637362
llama,14,1,2.0,4.0,118,0.8981481481481481,0.6657407407407407
llama,14,2,4.0,10.0,206,0.9967494089834515,0.7386229314420805
llama,14,3,10.0,44.0,193,0.9479166666666666,0.453125
llama,15,0,1.0,2.0,283,0.6454212454212455,0.5362637362637362
llama,15,1,2.0,4.0,118,0.8972222222222223,0.6657407407407407
llama,15,2,4.0,10.0,206,0.9955673758865249,0.7386229314420805
llama,15,3,10.0,44.0,193,0.9114583333333334,0.453125
llama,16,0,1.0,2.0,283,0.6194139194139194,0.5362637362637362
llama,16,1,2.0,4.0,118,0.8851851851851852,0.6657407407407407
llama,16,2,4.0,10.0,206,0.9958628841607564,0.7386229314420805
llama,16,3,10.0,44.0,193,0.9479166666666666,0.453125
llama,17,0,1.0,2.0,283,0.6238095238095238,0.5362637362637362
llama,17,1,2.0,4.0,118,0.9194444444444445,0.6657407407407407
llama,17,2,4.0,10.0,206,0.9914302600472813,0.7386229314420805
llama,17,3,10.0,44.0,193,0.9791666666666666,0.453125
llama,18,0,1.0,2.0,283,0.543956043956044,0.5362637362637362
llama,18,1,2.0,4.0,118,0.9166666666666666,0.6657407407407407
llama,18,2,4.0,10.0,206,0.9920212765957447,0.7386229314420805
llama,18,3,10.0,44.0,193,0.984375,0.453125
llama,19,0,1.0,2.0,283,0.5633699633699634,0.5362637362637362
llama,19,1,2.0,4.0,118,0.887962962962963,0.6657407407407407
llama,19,2,4.0,10.0,206,0.9932033096926713,0.7386229314420805
llama,19,3,10.0,44.0,193,0.96875,0.453125
llama,20,0,1.0,2.0,283,0.5054945054945055,0.5362637362637362
llama,20,1,2.0,4.0,118,0.8777777777777778,0.6657407407407407
llama,20,2,4.0,10.0,206,0.9946808510638299,0.7386229314420805
llama,20,3,10.0,44.0,193,0.96875,0.453125
llama,21,0,1.0,2.0,283,0.517948717948718,0.5362637362637362
llama,21,1,2.0,4.0,118,0.8861111111111111,0.6657407407407407
llama,21,2,4.0,10.0,206,0.9943853427895981,0.7386229314420805
llama,21,3,10.0,44.0,193,0.9270833333333334,0.453125
llama,22,0,1.0,2.0,283,0.5340659340659341,0.5362637362637362
llama,22,1,2.0,4.0,118,0.8685185185185185,0.6657407407407407
llama,22,2,4.0,10.0,206,0.9920212765957446,0.7386229314420805
llama,22,3,10.0,44.0,193,0.90625,0.453125
llama,23,0,1.0,2.0,283,0.48351648351648346,0.5362637362637362
llama,23,1,2.0,4.0,118,0.887962962962963,0.6657407407407407
llama,23,2,4.0,10.0,206,0.9967494089834514,0.7386229314420805
llama,23,3,10.0,44.0,193,0.9322916666666666,0.453125
llama,24,0,1.0,2.0,283,0.4095238095238095,0.5362637362637362
llama,24,1,2.0,4.0,118,0.8694444444444445,0.6657407407407407
llama,24,2,4.0,10.0,206,0.993498817966903,0.7386229314420805
llama,24,3,10.0,44.0,193,0.84375,0.453125
llama,25,0,1.0,2.0,283,0.4472527472527473,0.5362637362637362
llama,25,1,2.0,4.0,118,0.8833333333333333,0.6657407407407407
llama,25,2,4.0,10.0,206,0.9943853427895981,0.7386229314420805
llama,25,3,10.0,44.0,193,0.90625,0.453125
llama,26,0,1.0,2.0,283,0.5487179487179488,0.5362637362637362
llama,26,1,2.0,4.0,118,0.8629629629629629,0.6657407407407407
llama,26,2,4.0,10.0,206,0.9932033096926713,0.7386229314420805
llama,26,3,10.0,44.0,193,0.9739583333333334,0.453125
llama,27,0,1.0,2.0,283,0.6366300366300366,0.5362637362637362
llama,27,1,2.0,4.0,118,0.8527777777777777,0.6657407407407407
llama,27,2,4.0,10.0,206,0.9964539007092198,0.7386229314420805
llama,27,3,10.0,44.0,193,0.9791666666666666,0.453125
llama,28,0,1.0,2.0,283,0.5406593406593406,0.5362637362637362
llama,28,1,2.0,4.0,118,0.8379629629629629,0.6657407407407407
llama,28,2,4.0,10.0,206,0.9875886524822695,0.7386229314420805
llama,28,3,10.0,44.0,193,0.9479166666666666,0.453125
